SalesOrderID,Customer ID,Product ID,Order Date,Quantity,UnitPrice,Discount,TaxAmt,Payment Method,Location,LeadTime,Order Status
ORD-20241014-001,CUST-0926,PROD-027,10/14/2024,5,5.94,0.0,$2.38,AfterPay,Mall Location,1,Fulfilled
ORD-20241014-002,CUST-1160,PROD-029,10/14/2024,2,$4.88,$0.0,0.78,Credit Card,Main Street,1,Fulfilled
ORD-20241014-003,CUST-0393,PROD-031,10/14/2024,3,$9.69,$0.0,2.33,On Account,Online,1,Fulfilled
ORD-20241014-004,CUST-0664,PROD-087,10/14/2024,5,6.93,$0.0,2.77,Cash,Mall Location,1,Fulfilled
ORD-20241014-005,CUST-1264,PROD-018,10/14/2024,1,5.76,$0.0,0.46,Credit Card,Mall Location,1,Fulfilled
ORD-20241014-006,CUST-1090,PROD-064,10/14/2024,1,$4.23,$0.0,0.34,Cash,Online,1,Fulfilled
ORD-20241014-007,CUST-1083,PROD-087,10/14/2024,4,6.93,0.0,2.22,Credit Card,Main Street,1,Fulfilled
ORD-20241014-008,CUST-1895,PROD-008,10/14/2024,1,7.32,$0.0,0.59,Credit Card,Main Street,1,Fulfilled
ORD-20241014-009,CUST-1613,PROD-029,10/14/2024,1,4.88,0.09,0.38,Credit Card,Mall Location,3,Fulfilled
ORD-20241014-010,CUST-0421,PROD-066,10/14/2024,4,4.22,0.0,$1.35,Cash,Online,1,Fulfilled
ORD-20241014-011,CUST-0293,PROD-001,10/14/2024,1,5.66,$0.0,0.45,Cash,Wholesale,1,Fulfilled
ORD-20241014-012,CUST-1558,PROD-059,10/14/2024,3,5.49,0.0,$1.32,Credit Card,Main Street,1,Fulfilled
ORD-20241014-013,CUST-1563,PROD-087,10/14/2024,1,$6.93,0.0,$0.55,Credit Card,Online,1,Fulfilled
ORD-20241014-014,CUST-1954,PROD-087,10/14/2024,3,$6.93,0.8,$1.6,Cash,Online,1,Fulfilled
ORD-20241014-015,CUST-1555,PROD-087,10/14/2024,1,$6.93,0.0,0.55,Credit Card,Mall Location,2,Fulfilled
ORD-20241014-016,CUST-1048,PROD-001,10/14/2024,4,5.66,0.0,1.81,On Account,Online,1,Fulfilled
ORD-20241014-017,CUST-0439,PROD-030,10/14/2024,4,$4.16,0.0,1.33,Credit Card,Main Street,3,Fulfilled
ORD-20241014-018,CUST-1212,PROD-087,10/14/2024,2,$6.93,$0.0,1.11,Shopify,Main Street,1,Fulfilled
ORD-20241014-019,CUST-1994,PROD-087,10/14/2024,4,6.93,0.0,$2.22,Credit Card,Online,1,Fulfilled
ORD-20241014-020,CUST-0905,PROD-023,10/14/2024,2,$3.46,0.0,$0.55,Credit Card,Main Street,1,Fulfilled
ORD-20241014-021,CUST-0498,PROD-009,10/14/2024,2,4.9,0.0,0.78,Cash,Online,1,Fulfilled
ORD-20241014-022,CUST-1939,PROD-087,10/14/2024,2,6.93,0.0,1.11,On Account,Wholesale,1,Fulfilled
ORD-20241014-023,CUST-1015,PROD-040,10/14/2024,2,4.42,0.0,0.71,Shopify,Online,2,Fulfilled
ORD-20241014-024,CUST-1287,PROD-087,10/14/2024,2,6.93,0.0,1.11,Credit Card,Online,2,Fulfilled
ORD-20241014-025,CUST-0334,PROD-032,10/14/2024,1,$7.18,0.0,0.57,Credit Card,Main Street,1,Fulfilled
ORD-20241014-026,CUST-0180,PROD-025,10/14/2024,3,$6.69,$0.0,$1.61,Credit Card,Mall Location,1,Fulfilled
ORD-20241014-027,CUST-0366,PROD-087,10/14/2024,1,$6.93,0.0,$0.55,Credit Card,Main Street,2,Fulfilled
ORD-20241014-028,CUST-1399,PROD-011,10/14/2024,3,8.77,0.0,2.1,Credit Card,Online,1,Fulfilled
ORD-20241014-029,CUST-0853,PROD-087,10/14/2024,1,$6.93,0.0,0.55,Credit Card,Mall Location,1,Fulfilled
ORD-20241014-030,CUST-1584,PROD-014,10/14/2024,1,3.28,$0.36,0.23,Credit Card,Mall Location,1,Fulfilled
ORD-20241014-031,CUST-0105,PROD-002,10/14/2024,2,$4.43,$0.0,$0.71,Credit Card,Main Street,1,Fulfilled
ORD-20241014-032,CUST-0874,PROD-003,10/14/2024,1,$8.27,0.0,0.66,Cash,Mall Location,2,Fulfilled
ORD-20241014-033,CUST-0762,PROD-038,10/14/2024,1,$6.89,0.64,$0.5,Credit Card,Main Street,1,Fulfilled
ORD-20241014-034,CUST-0938,PROD-011,10/14/2024,1,8.77,0.0,0.7,Cash,Main Street,1,Fulfilled
ORD-20241014-035,CUST-0656,PROD-087,10/14/2024,1,$6.93,$0.0,0.55,Credit Card,Main Street,1,Fulfilled
ORD-20241014-036,CUST-0391,PROD-056,10/14/2024,1,7.61,0.0,$0.61,Credit Card,Online,1,Fulfilled
ORD-20241014-037,CUST-1939,PROD-009,10/14/2024,2,4.9,0.0,0.78,Credit Card,Online,3,Fulfilled
ORD-20241014-038,CUST-1990,PROD-087,10/14/2024,3,6.93,$0.0,1.66,Credit Card,Mall Location,1,Fulfilled
ORD-20241014-039,CUST-0519,PROD-019,10/14/2024,1,8.63,$0.0,$0.69,Cash,Online,1,Fulfilled
ORD-20241014-040,CUST-1685,PROD-061,10/14/2024,1,7.98,0.0,0.64,Cash,Main Street,1,Fulfilled
ORD-20241014-041,CUST-1709,PROD-007,10/14/2024,3,3.14,0.0,$0.75,Credit Card,Main Street,1,Fulfilled
ORD-20241014-042,CUST-0573,PROD-013,10/14/2024,2,8.31,$0.13,1.32,Credit Card,Mall Location,2,Fulfilled
ORD-20241014-043,CUST-1565,PROD-007,10/14/2024,3,3.14,$0.0,0.75,AfterPay,Main Street,2,Fulfilled
ORD-20241014-044,CUST-0846,PROD-012,10/14/2024,1,$4.6,$0.0,$0.37,Credit Card,Online,3,Fulfilled
ORD-20241014-045,CUST-0679,PROD-087,10/14/2024,3,$6.93,0.0,$1.66,Shopify,Mall Location,1,Fulfilled
ORD-20241014-046,CUST-0031,PROD-087,10/14/2024,2,$6.93,$0.0,1.11,Cash,Main Street,1,Fulfilled
ORD-20241014-047,CUST-1051,PROD-087,10/14/2024,1,$6.93,0.0,0.55,Credit Card,Online,1,Fulfilled
ORD-20241014-048,CUST-1905,PROD-041,10/14/2024,5,5.98,$0.0,2.39,Cash,Online,1,Fulfilled
ORD-20241014-049,CUST-0825,PROD-016,10/14/2024,2,8.9,0.0,1.42,Cash,Online,1,Fulfilled
ORD-20241014-050,CUST-0861,PROD-014,10/14/2024,1,$3.28,0.0,$0.26,Credit Card,Online,1,Fulfilled
ORD-20241014-051,CUST-1332,PROD-001,10/14/2024,1,5.66,$0.0,$0.45,Credit Card,Main Street,1,Fulfilled
ORD-20241014-052,CUST-1332,PROD-087,10/14/2024,1,$6.93,0.0,$0.55,Cash,Online,1,Fulfilled
ORD-20241014-053,CUST-0770,PROD-085,10/14/2024,5,$3.94,0.0,1.58,Cash,Main Street,1,Fulfilled
ORD-20241014-054,CUST-1595,PROD-022,10/14/2024,5,4.33,0.0,1.73,Credit Card,Main Street,4,Fulfilled
ORD-20241014-055,CUST-0543,PROD-009,10/14/2024,2,$4.9,$0.0,0.78,Credit Card,Online,3,Fulfilled
ORD-20241014-056,CUST-1226,PROD-009,10/14/2024,1,4.9,0.0,0.39,Credit Card,Mall Location,5,Fulfilled
ORD-20241014-057,CUST-1264,PROD-035,10/14/2024,2,$4.74,0.0,0.76,Cash,Main Street,1,Pending
ORD-20241014-058,CUST-0374,PROD-046,10/14/2024,2,$4.3,$0.0,0.69,Credit Card,Main Street,3,Fulfilled
ORD-20241014-059,CUST-1260,PROD-022,10/14/2024,4,$4.33,$0.25,$1.37,Credit Card,Online,2,Fulfilled
ORD-20241014-060,CUST-0321,PROD-028,10/14/2024,1,7.52,$0.89,0.53,Credit Card,Main Street,1,Fulfilled
ORD-20241014-061,CUST-1613,PROD-046,10/14/2024,1,4.3,0.0,0.34,Cash,Main Street,1,Fulfilled
ORD-20241014-062,CUST-0293,PROD-054,10/14/2024,1,3.98,0.49,$0.28,Credit Card,Online,1,Fulfilled
ORD-20241014-063,CUST-1876,PROD-087,10/14/2024,2,6.93,0.0,1.11,Cash,Online,1,Fulfilled
ORD-20241014-064,CUST-0849,PROD-087,10/14/2024,3,6.93,0.0,1.66,Credit Card,Main Street,1,Fulfilled
ORD-20241014-065,CUST-0341,PROD-004,10/14/2024,2,7.04,0.0,$1.13,Cash,Main Street,1,Fulfilled
ORD-20241014-066,CUST-0293,PROD-029,10/14/2024,1,$4.88,$0.0,$0.39,Cash,Main Street,2,Fulfilled
ORD-20241014-067,CUST-1530,PROD-020,10/14/2024,2,8.68,0.64,1.34,On Account,Online,1,Fulfilled
ORD-20241014-068,CUST-0559,PROD-087,10/14/2024,1,6.93,0.53,0.51,Credit Card,Main Street,1,Fulfilled
ORD-20241014-069,CUST-0064,PROD-015,10/14/2024,1,8.7,0.0,0.7,Credit Card,Main Street,2,Fulfilled
ORD-20241014-070,CUST-0752,PROD-057,10/14/2024,1,$5.44,$0.12,0.43,Credit Card,Main Street,1,Fulfilled
ORD-20241014-071,CUST-0113,PROD-005,10/14/2024,2,4.67,$0.61,$0.7,AfterPay,Main Street,3,Fulfilled
ORD-20241014-072,CUST-0250,PROD-036,10/14/2024,4,$5.57,0.0,$1.78,Credit Card,Main Street,4,Fulfilled
ORD-20241014-073,CUST-1993,PROD-009,10/14/2024,1,4.9,$0.0,0.39,Credit Card,Mall Location,1,Fulfilled
ORD-20241014-074,CUST-1560,PROD-023,10/14/2024,1,$3.46,0.05,$0.27,On Account,Mall Location,1,Fulfilled
ORD-20241014-075,CUST-1327,PROD-010,10/14/2024,2,6.36,0.0,$1.02,Credit Card,Online,3,Fulfilled
ORD-20241014-076,CUST-1060,PROD-059,10/14/2024,2,5.49,$0.0,$0.88,Shopify,Mall Location,1,Fulfilled
ORD-20241014-077,CUST-1062,PROD-038,10/14/2024,2,6.89,0.35,$1.07,Credit Card,Mall Location,1,Fulfilled
ORD-20241014-078,CUST-0655,PROD-087,10/14/2024,1,6.93,$0.0,$0.55,Cash,Mall Location,3,Fulfilled
ORD-20241014-079,CUST-1455,PROD-020,10/14/2024,2,8.68,$0.0,$1.39,Cash,Main Street,4,Fulfilled
ORD-20241014-080,CUST-0412,PROD-009,10/14/2024,2,4.9,0.0,0.78,Credit Card,Main Street,1,Fulfilled
ORD-20241014-081,CUST-0131,PROD-058,10/14/2024,1,10.09,$0.0,0.81,Credit Card,Main Street,1,Fulfilled
ORD-20241014-082,CUST-0776,PROD-036,10/14/2024,2,$5.57,0.0,0.89,Credit Card,Main Street,1,Fulfilled
ORD-20241014-083,CUST-1184,PROD-087,10/14/2024,3,6.93,0.0,$1.66,AfterPay,Online,1,Fulfilled
ORD-20241014-084,CUST-1050,PROD-087,10/14/2024,1,6.93,$0.0,$0.55,Cash,Wholesale,1,Fulfilled
ORD-20241014-085,CUST-0493,PROD-031,10/14/2024,3,$9.69,0.48,2.29,AfterPay,Online,3,Pending
ORD-20241014-086,CUST-0709,PROD-039,10/14/2024,2,8.56,$0.0,$1.37,AfterPay,Online,1,Fulfilled
ORD-20241014-087,CUST-1704,PROD-006,10/14/2024,1,4.73,$0.04,$0.38,Shopify,Mall Location,1,Fulfilled
ORD-20241014-088,CUST-0840,PROD-026,10/14/2024,1,4.88,0.0,0.39,Credit Card,Online,1,Fulfilled
ORD-20241014-089,CUST-0184,PROD-044,10/14/2024,3,9.22,0.0,$2.21,Credit Card,Main Street,1,Fulfilled
ORD-20241014-090,CUST-1422,PROD-031,10/14/2024,1,$9.69,0.0,0.78,Credit Card,Main Street,1,Fulfilled
ORD-20241014-091,CUST-0092,PROD-003,10/14/2024,2,8.27,0.0,1.32,Credit Card,Mall Location,1,Fulfilled
ORD-20241014-092,CUST-0868,PROD-027,10/14/2024,1,$5.94,0.0,0.48,Cash,Main Street,2,Fulfilled
ORD-20241014-093,CUST-1544,PROD-087,10/14/2024,1,$6.93,0.0,$0.55,Credit Card,Mall Location,1,Fulfilled
ORD-20241014-094,CUST-1840,PROD-014,10/14/2024,1,3.28,0.3,0.24,Credit Card,Main Street,1,Fulfilled
ORD-20241014-095,CUST-1885,PROD-042,10/14/2024,1,7.99,$0.0,0.64,Cash,Online,1,Fulfilled
ORD-20241014-096,CUST-1968,PROD-062,10/14/2024,2,$8.04,$0.0,1.29,Credit Card,Main Street,1,Fulfilled
ORD-20241014-097,CUST-0590,PROD-087,10/14/2024,2,$6.93,0.0,1.11,Credit Card,Main Street,2,Fulfilled
ORD-20241014-098,CUST-0772,PROD-009,10/14/2024,5,4.9,0.0,$1.96,Credit Card,Mall Location,1,Fulfilled
ORD-20241014-099,CUST-1581,PROD-030,10/14/2024,4,4.16,0.0,$1.33,Shopify,Main Street,1,Fulfilled
ORD-20241014-100,CUST-1956,PROD-076,10/14/2024,1,$9.78,0.0,0.78,Credit Card,Main Street,3,Fulfilled
ORD-20241014-101,CUST-0391,PROD-087,10/14/2024,2,6.93,$0.03,1.11,Shopify,Main Street,3,Fulfilled
ORD-20241014-102,CUST-1752,PROD-021,10/14/2024,2,6.02,$0.0,0.96,Cash,Online,2,Fulfilled
ORD-20241014-103,CUST-1142,PROD-087,10/14/2024,1,6.93,0.0,$0.55,Credit Card,Online,1,Fulfilled
ORD-20241014-104,CUST-0196,PROD-003,10/14/2024,2,8.27,$1.22,1.23,Cash,Main Street,1,Fulfilled
ORD-20241014-105,CUST-1923,PROD-001,10/14/2024,1,$5.66,$0.0,0.45,Credit Card,Main Street,2,Fulfilled
ORD-20241014-106,CUST-1772,PROD-087,10/14/2024,1,$6.93,0.0,0.55,On Account,Online,5,Fulfilled
ORD-20241014-107,CUST-0984,PROD-087,10/14/2024,1,6.93,$0.0,0.55,Credit Card,Main Street,1,Fulfilled
ORD-20241014-108,,PROD-045,10/14/2024,1,$3.2,0.0,0.26,Cash,Online,1,Fulfilled
ORD-20241014-109,CUST-0579,PROD-002,10/14/2024,2,4.43,0.0,$0.71,Credit Card,Online,3,Fulfilled
ORD-20241014-110,,PROD-080,10/14/2024,1,4.2,0.0,$0.34,Shopify,Online,1,Fulfilled
ORD-20241014-111,CUST-1914,PROD-087,10/14/2024,1,6.93,$0.0,0.55,On Account,Main Street,1,Fulfilled
ORD-20241014-112,CUST-1431,PROD-020,10/14/2024,1,8.68,0.0,$0.69,Credit Card,Mall Location,2,Fulfilled
ORD-20241014-113,CUST-1292,PROD-074,10/14/2024,1,7.21,0.0,0.58,Credit Card,Main Street,1,Fulfilled
ORD-20241014-114,CUST-0509,PROD-047,10/14/2024,1,7.73,0.0,$0.62,Credit Card,Online,1,Fulfilled
ORD-20241014-115,CUST-1931,PROD-029,10/14/2024,3,$4.88,0.0,1.17,Shopify,Main Street,1,Fulfilled
ORD-20241014-116,CUST-1883,PROD-023,10/14/2024,2,$3.46,$0.0,$0.55,Credit Card,Online,3,Fulfilled
ORD-20241014-117,CUST-1648,PROD-017,10/14/2024,1,$7.88,0.0,0.63,Credit Card,Online,2,Fulfilled
ORD-20241014-118,CUST-0843,PROD-011,10/14/2024,5,8.77,$0.0,3.51,Cash,Online,1,Fulfilled
ORD-20241014-119,CUST-1468,PROD-054,10/14/2024,1,3.98,0.0,$0.32,On Account,Main Street,1,Fulfilled
ORD-20241014-120,CUST-0461,PROD-038,10/14/2024,3,6.89,$0.0,1.65,AfterPay,Main Street,1,Fulfilled
ORD-20241014-121,CUST-1957,PROD-021,10/14/2024,3,6.02,0.0,1.44,AfterPay,Online,1,Fulfilled
ORD-20241014-122,CUST-1212,PROD-012,10/14/2024,1,$4.6,$0.0,0.37,Credit Card,Mall Location,1,Fulfilled
ORD-20241014-123,CUST-0589,PROD-044,10/14/2024,1,9.22,0.0,$0.74,Cash,Main Street,1,Fulfilled
ORD-20241014-124,CUST-1081,PROD-087,10/14/2024,2,6.93,0.34,$1.08,Credit Card,Main Street,3,Fulfilled
ORD-20241014-125,CUST-1839,PROD-034,10/14/2024,1,$3.79,$0.0,0.3,Credit Card,Online,1,Fulfilled
ORD-20241014-126,CUST-0805,PROD-074,10/14/2024,2,7.21,0.0,$1.15,Cash,Online,1,Fulfilled
ORD-20241014-127,CUST-0882,PROD-087,10/14/2024,1,6.93,$0.14,0.54,Cash,Online,1,Fulfilled
ORD-20241014-128,CUST-0818,PROD-087,10/14/2024,2,6.93,0.0,1.11,Cash,Online,1,Fulfilled
