PaymentID,SalesOrderID,PaymentAmount,PaymentDate,PaymentStatus,PaymentMethod,FeeAmount,ReconciliationDate
PAY-20230806-001,ORD-20230806-001,7.48,08/06/2023,Received,Cash,0.0,08/06/2023
PAY-20230806-002,ORD-20230806-002,14.97,08/06/2023,Received,AfterPay,0.37,08/06/2023
PAY-20230806-003,ORD-20230806-003,37.89,08/06/2023,Received,Credit Card,0.95,08/06/2023
PAY-20230806-004,ORD-20230806-004,9.24,08/06/2023,Received,Cash,0.0,08/09/2023
PAY-20230806-005,ORD-20230806-004,9.24,08/06/2023,Received,Cash,0.0,08/06/2023
PAY-20230806-006,ORD-20230806-005,3.91,08/06/2023,Received,Credit Card,0.1,08/06/2023
PAY-20230806-007,ORD-20230806-005,3.91,08/06/2023,Received,Credit Card,0.1,08/06/2023
PAY-20230806-008,ORD-20230806-006,3.46,08/06/2023,Received,Shopify,0.1,08/06/2023
PAY-20230806-009,ORD-20230806-007,27.27,08/06/2023,Received,Credit Card,0.68,08/06/2023
PAY-20230806-010,ORD-20230806-008,7.08,08/06/2023,Pending,Cash,0.0,
PAY-20230806-011,ORD-20230806-009,7.11,08/06/2023,Received,Credit Card,0.18,08/06/2023
PAY-20230806-012,ORD-20230806-010,2.52,08/06/2023,Received,Cash,0.0,08/07/2023
PAY-20230806-013,ORD-20230806-010,2.52,08/06/2023,Received,Cash,0.0,08/06/2023
PAY-20230806-014,ORD-20230806-011,14.97,08/06/2023,Received,Shopify,0.43,08/06/2023
PAY-20230806-015,ORD-20230806-012,23.26,08/06/2023,Received,Credit Card,0.58,08/06/2023
PAY-20230806-016,ORD-20230806-013,15.64,08/06/2023,Received,AfterPay,0.39,08/08/2023
PAY-20230806-017,ORD-20230806-014,37.42,08/06/2023,Received,Credit Card,0.94,08/06/2023
PAY-20230806-018,ORD-20230806-015,2.48,08/06/2023,Received,Cash,0.0,08/06/2023
PAY-20230806-019,ORD-20230806-015,2.48,08/06/2023,Received,Cash,0.0,08/06/2023
PAY-20230806-020,ORD-20230806-016,11.16,08/06/2023,Received,Cash,0.0,08/06/2023
PAY-20230806-021,ORD-20230806-016,11.16,08/06/2023,Received,Cash,0.0,08/07/2023
PAY-20230806-022,ORD-20230806-017,21.71,08/06/2023,Received,Credit Card,0.54,08/07/2023
PAY-20230806-023,ORD-20230806-018,14.76,08/06/2023,Received,Cash,0.0,08/06/2023
PAY-20230806-024,ORD-20230806-018,14.76,08/06/2023,Pending,Cash,0.0,
PAY-20230806-025,ORD-20230806-019,6.5,08/06/2023,Received,Credit Card,0.16,08/07/2023
PAY-20230806-026,ORD-20230806-019,6.5,08/06/2023,Received,Credit Card,0.16,08/06/2023
PAY-20230806-027,ORD-20230806-020,20.07,08/06/2023,Received,Cash,0.0,08/06/2023
PAY-20230806-028,ORD-20230806-021,6.11,08/06/2023,Received,AfterPay,0.15,08/09/2023
PAY-20230806-029,ORD-20230806-022,8.93,08/06/2023,Received,On Account,0.0,08/06/2023
PAY-20230806-030,ORD-20230806-023,9.86,08/06/2023,Received,Credit Card,0.25,08/09/2023
PAY-20230806-031,ORD-20230806-024,34.13,08/06/2023,Pending,Cash,0.0,
PAY-20230806-032,ORD-20230806-025,15.64,08/06/2023,Received,Credit Card,0.39,08/07/2023
PAY-20230806-033,ORD-20230806-025,15.64,08/06/2023,Received,Credit Card,0.39,08/06/2023
PAY-20230806-034,ORD-20230806-026,3.74,08/06/2023,Received,Cash,0.0,08/07/2023
PAY-20230806-035,ORD-20230806-026,3.74,08/06/2023,Received,Cash,0.0,08/06/2023
PAY-20230806-036,ORD-20230806-027,18.23,08/06/2023,Received,Credit Card,0.46,08/06/2023
PAY-20230806-037,ORD-20230806-028,16.24,08/06/2023,Received,Cash,0.0,08/06/2023
PAY-20230806-038,ORD-20230806-029,13.87,08/06/2023,Received,On Account,0.0,08/06/2023
PAY-20230806-039,ORD-20230806-030,4.78,08/06/2023,Received,Shopify,0.14,08/08/2023
PAY-20230806-040,ORD-20230806-031,12.23,08/06/2023,Pending,Cash,0.0,
PAY-20230806-041,ORD-20230806-032,14.17,08/06/2023,Received,Shopify,0.41,08/06/2023
PAY-20230806-042,ORD-20230806-033,10.17,08/06/2023,Received,Cash,0.0,08/06/2023
PAY-20230806-043,ORD-20230806-034,18.79,08/06/2023,Received,Credit Card,0.47,08/06/2023
PAY-20230806-044,ORD-20230806-035,6.22,08/06/2023,Received,AfterPay,0.16,08/06/2023
PAY-20230806-045,ORD-20230806-036,10.46,08/06/2023,Received,Cash,0.0,08/06/2023
PAY-20230806-046,ORD-20230806-036,10.46,08/06/2023,Received,Cash,0.0,08/13/2023
PAY-20230806-047,ORD-20230806-037,11.45,08/06/2023,Received,Credit Card,0.29,08/06/2023
PAY-20230806-048,ORD-20230806-038,4.68,08/06/2023,Received,Credit Card,0.12,08/06/2023
PAY-20230806-049,ORD-20230806-039,7.48,08/06/2023,Pending,Credit Card,0.19,
PAY-20230806-050,ORD-20230806-040,8.63,08/06/2023,Received,AfterPay,0.22,08/09/2023
PAY-20230806-051,ORD-20230806-041,14.97,08/06/2023,Received,Credit Card,0.37,08/06/2023
PAY-20230806-052,ORD-20230806-042,7.48,08/06/2023,Received,Credit Card,0.19,08/06/2023
PAY-20230806-053,ORD-20230806-043,35.73,08/06/2023,Received,Cash,0.0,08/06/2023
PAY-20230806-054,ORD-20230806-044,10.04,08/06/2023,Received,Cash,0.0,08/09/2023
PAY-20230806-055,ORD-20230806-045,7.48,08/06/2023,Failed,Credit Card,0.19,
PAY-20230806-056,ORD-20230806-046,29.28,08/06/2023,Received,Credit Card,0.73,08/06/2023
PAY-20230806-057,ORD-20230806-047,11.75,08/06/2023,Received,Cash,0.0,08/06/2023
PAY-20230806-058,ORD-20230806-048,3.52,08/06/2023,Pending,Credit Card,0.09,
PAY-20230806-059,ORD-20230806-048,3.52,08/06/2023,Received,Credit Card,0.09,08/06/2023
PAY-20230806-060,ORD-20230806-049,3.44,08/06/2023,Received,Cash,0.0,08/06/2023
PAY-20230806-061,ORD-20230806-049,3.44,08/06/2023,Pending,Cash,0.0,
PAY-20230806-062,ORD-20230806-050,37.89,08/06/2023,Received,Cash,0.0,08/06/2023
PAY-20230806-063,ORD-20230806-051,9.96,08/06/2023,Received,Credit Card,0.25,08/07/2023
PAY-20230806-064,ORD-20230806-052,29.94,08/06/2023,Received,Credit Card,0.75,08/06/2023
PAY-20230806-065,ORD-20230806-053,6.86,08/06/2023,Received,On Account,0.0,08/13/2023
PAY-20230806-066,ORD-20230806-053,6.86,08/06/2023,Received,On Account,0.0,08/09/2023
PAY-20230806-067,ORD-20230806-054,3.8,08/06/2023,Received,Cash,0.0,08/07/2023
PAY-20230806-068,ORD-20230806-054,3.8,08/06/2023,Pending,Cash,0.0,
PAY-20230806-069,ORD-20230806-055,8.98,08/06/2023,Received,Credit Card,0.22,08/06/2023
PAY-20230806-070,ORD-20230806-055,8.98,08/06/2023,Received,Credit Card,0.22,08/06/2023
PAY-20230806-071,ORD-20230806-056,4.62,08/06/2023,Pending,Cash,0.0,
PAY-20230806-072,ORD-20230806-057,2.38,08/06/2023,Received,Shopify,0.07,08/06/2023
PAY-20230806-073,ORD-20230806-057,2.38,08/06/2023,Received,Shopify,0.07,08/06/2023
PAY-20230806-074,ORD-20230806-058,19.14,08/06/2023,Received,Credit Card,0.48,08/13/2023
PAY-20230806-075,ORD-20230806-059,16.78,08/06/2023,Received,Credit Card,0.42,08/08/2023
PAY-20230806-076,ORD-20230806-060,22.81,08/06/2023,Received,Credit Card,0.57,08/06/2023
PAY-20230806-077,ORD-20230806-061,27.48,08/06/2023,Received,Cash,0.0,08/06/2023
PAY-20230806-078,ORD-20230806-062,14.97,08/06/2023,Received,Credit Card,0.37,08/06/2023
PAY-20230806-079,ORD-20230806-063,27.96,08/06/2023,Received,Shopify,0.81,08/06/2023
PAY-20230806-080,ORD-20230806-064,4.78,08/06/2023,Received,Credit Card,0.12,08/06/2023
PAY-20230806-081,ORD-20230806-065,12.23,08/06/2023,Pending,Credit Card,0.31,
PAY-20230806-082,ORD-20230806-066,22.45,08/06/2023,Received,Credit Card,0.56,08/06/2023
PAY-20230806-083,ORD-20230806-067,3.74,08/06/2023,Received,Shopify,0.11,08/06/2023
PAY-20230806-084,ORD-20230806-068,7.82,08/06/2023,Received,Credit Card,0.2,08/06/2023
PAY-20230806-085,ORD-20230806-069,12.83,08/06/2023,Received,On Account,0.0,08/13/2023
PAY-20230806-086,ORD-20230806-070,4.97,08/06/2023,Pending,Cash,0.0,
PAY-20230806-087,ORD-20230806-071,7.48,08/06/2023,Received,Credit Card,0.19,08/06/2023
PAY-20230806-088,ORD-20230806-071,7.48,08/06/2023,Received,Credit Card,0.19,08/06/2023
PAY-20230806-089,ORD-20230806-072,7.48,08/06/2023,Pending,Cash,0.0,
PAY-20230806-090,ORD-20230806-072,7.48,08/06/2023,Received,Cash,0.0,08/06/2023
PAY-20230806-091,ORD-20230806-073,3.74,08/06/2023,Received,Cash,0.0,08/06/2023
PAY-20230806-092,ORD-20230806-073,3.74,08/06/2023,Received,Cash,0.0,08/06/2023
PAY-20230806-093,ORD-20230806-074,18.62,08/06/2023,Received,Credit Card,0.47,08/06/2023
PAY-20230806-094,ORD-20230806-075,34.96,08/06/2023,Received,Credit Card,0.87,08/06/2023
PAY-20230806-095,ORD-20230806-076,29.94,08/06/2023,Received,Cash,0.0,08/08/2023
PAY-20230806-096,ORD-20230806-077,2.65,08/06/2023,Received,Credit Card,0.07,08/06/2023
PAY-20230806-097,ORD-20230806-077,2.65,08/06/2023,Received,Credit Card,0.07,08/06/2023
PAY-20230806-098,ORD-20230806-078,6.91,08/06/2023,Failed,Cash,0.0,
PAY-20230806-099,ORD-20230806-079,3.91,08/06/2023,Received,Credit Card,0.1,08/13/2023
PAY-20230806-100,ORD-20230806-079,3.91,08/06/2023,Received,Credit Card,0.1,08/06/2023
PAY-20230806-101,ORD-20230806-080,10.34,08/06/2023,Received,Cash,0.0,08/06/2023
PAY-20230806-102,ORD-20230806-081,9.57,08/06/2023,Received,Credit Card,0.24,08/06/2023
PAY-20230806-103,ORD-20230806-082,18.66,08/06/2023,Received,AfterPay,0.47,08/06/2023
PAY-20230806-104,ORD-20230806-083,7.44,08/06/2023,Failed,On Account,0.0,
PAY-20230806-105,ORD-20230806-084,5.29,08/06/2023,Received,Shopify,0.15,08/06/2023
PAY-20230806-106,ORD-20230806-085,7.48,08/06/2023,Received,Cash,0.0,08/06/2023
PAY-20230806-107,ORD-20230806-086,7.48,08/06/2023,Received,Credit Card,0.19,08/06/2023
PAY-20230806-108,ORD-20230806-087,3.39,08/06/2023,Received,Credit Card,0.08,08/06/2023
PAY-20230806-109,ORD-20230806-088,10.52,08/06/2023,Pending,Credit Card,0.26,
PAY-20230806-110,ORD-20230806-089,6.42,08/06/2023,Received,Credit Card,0.16,08/06/2023
PAY-20230806-111,ORD-20230806-090,31.1,08/06/2023,Received,Credit Card,0.78,08/06/2023
PAY-20230806-112,ORD-20230806-091,8.51,08/06/2023,Received,Shopify,0.25,08/06/2023
PAY-20230806-113,ORD-20230806-092,3.45,08/06/2023,Received,Credit Card,0.09,08/06/2023
PAY-20230806-114,ORD-20230806-093,7.4,08/06/2023,Received,Cash,0.0,08/08/2023
PAY-20230806-115,ORD-20230806-094,22.45,08/06/2023,Received,Credit Card,0.56,08/06/2023
PAY-20230806-116,ORD-20230806-095,9.75,08/06/2023,Received,Cash,0.0,08/08/2023
PAY-20230806-117,ORD-20230806-095,9.75,08/06/2023,Received,Cash,0.0,08/09/2023
PAY-20230806-118,ORD-20230806-096,7.05,08/06/2023,Received,Credit Card,0.18,08/06/2023
PAY-20230806-119,ORD-20230806-097,14.32,08/06/2023,Pending,Credit Card,0.36,
PAY-20230806-120,ORD-20230806-098,2.25,08/06/2023,Received,Cash,0.0,08/06/2023
PAY-20230806-121,ORD-20230806-098,2.25,08/06/2023,Received,Cash,0.0,08/06/2023
PAY-20230806-122,ORD-20230806-099,8.51,08/06/2023,Received,Shopify,0.25,08/06/2023
PAY-20230806-123,ORD-20230806-100,7.6,08/06/2023,Received,Shopify,0.22,08/06/2023
PAY-20230806-124,ORD-20230806-101,13.74,08/06/2023,Received,Cash,0.0,08/06/2023
PAY-20230806-125,ORD-20230806-102,4.64,08/06/2023,Received,Credit Card,0.12,08/06/2023
PAY-20230806-126,ORD-20230806-103,4.41,08/06/2023,Pending,AfterPay,0.11,
PAY-20230806-127,ORD-20230806-104,4.78,08/06/2023,Pending,AfterPay,0.12,
PAY-20230806-128,ORD-20230806-105,7.86,08/06/2023,Received,Credit Card,0.2,08/06/2023
PAY-20230806-129,ORD-20230806-106,10.58,08/06/2023,Pending,Cash,0.0,
PAY-20230806-130,ORD-20230806-107,8.34,08/06/2023,Received,Credit Card,0.21,08/13/2023
PAY-20230806-131,ORD-20230806-108,22.45,08/06/2023,Received,Credit Card,0.56,08/06/2023
PAY-20230806-132,ORD-20230806-109,3.71,08/06/2023,Received,Credit Card,0.09,08/06/2023
PAY-20230806-133,ORD-20230806-109,3.71,08/06/2023,Received,Credit Card,0.09,08/06/2023
PAY-20230806-134,ORD-20230806-110,7.48,08/06/2023,Received,Credit Card,0.19,08/06/2023
PAY-20230806-135,ORD-20230806-111,14.97,08/06/2023,Received,Credit Card,0.37,08/06/2023
PAY-20230806-136,ORD-20230806-111,14.97,08/06/2023,Received,Credit Card,0.37,08/06/2023
PAY-20230806-137,ORD-20230806-112,4.17,08/06/2023,Received,Cash,0.0,08/06/2023
PAY-20230806-138,ORD-20230806-113,17.95,08/06/2023,Received,Credit Card,0.45,08/06/2023
PAY-20230806-139,ORD-20230806-114,19.66,08/06/2023,Received,Credit Card,0.49,08/06/2023
PAY-20230806-140,ORD-20230806-115,24.24,08/06/2023,Received,Credit Card,0.61,08/08/2023
PAY-20230806-141,ORD-20230806-116,5.29,08/06/2023,Received,Cash,0.0,08/06/2023
PAY-20230806-142,ORD-20230806-117,13.74,08/06/2023,Received,AfterPay,0.34,08/13/2023
PAY-20230806-143,ORD-20230806-118,5.11,08/06/2023,Received,Cash,0.0,08/06/2023
PAY-20230806-144,ORD-20230806-118,5.11,08/06/2023,Received,Cash,0.0,08/06/2023
PAY-20230806-145,ORD-20230806-119,6.02,08/06/2023,Received,Credit Card,0.15,08/06/2023
PAY-20230806-146,ORD-20230806-120,9.32,08/06/2023,Received,Credit Card,0.23,08/09/2023
PAY-20230806-147,ORD-20230806-121,18.71,08/06/2023,Received,Credit Card,0.47,08/06/2023
PAY-20230806-148,ORD-20230806-121,18.71,08/06/2023,Received,Credit Card,0.47,08/13/2023
PAY-20230806-149,ORD-20230806-122,4.78,08/06/2023,Received,Cash,0.0,08/06/2023
PAY-20230806-150,ORD-20230806-123,18.64,08/06/2023,Received,AfterPay,0.47,08/06/2023
PAY-20230806-151,ORD-20230806-124,22.45,08/06/2023,Received,Cash,0.0,08/06/2023
PAY-20230806-152,ORD-20230806-125,14.97,08/06/2023,Received,Cash,0.0,08/06/2023
PAY-20230806-153,ORD-20230806-126,6.06,08/06/2023,Pending,Cash,0.0,
PAY-20230806-154,ORD-20230806-127,7.48,08/06/2023,Received,Shopify,0.22,08/06/2023
PAY-20230806-155,ORD-20230806-128,11.5,08/06/2023,Received,Credit Card,0.29,08/06/2023
PAY-20230806-156,ORD-20230806-129,7.48,08/06/2023,Received,Credit Card,0.19,08/13/2023
PAY-20230806-157,ORD-20230806-130,22.86,08/06/2023,Received,Cash,0.0,08/06/2023
PAY-20230806-158,ORD-20230806-131,28.12,08/06/2023,Received,Credit Card,0.7,08/06/2023
PAY-20230806-159,ORD-20230806-132,21.08,08/06/2023,Pending,Credit Card,0.53,
PAY-20230806-160,ORD-20230806-133,4.64,08/06/2023,Received,Cash,0.0,08/06/2023
PAY-20230806-161,ORD-20230806-134,8.8,08/06/2023,Received,Cash,0.0,08/06/2023
PAY-20230806-162,ORD-20230806-135,25.05,08/06/2023,Received,Credit Card,0.63,08/06/2023
PAY-20230806-163,ORD-20230806-136,8.51,08/06/2023,Received,Credit Card,0.21,08/06/2023
PAY-20230806-164,ORD-20230806-137,9.61,08/06/2023,Received,AfterPay,0.24,08/06/2023
PAY-20230806-165,ORD-20230806-138,37.5,08/06/2023,Received,Shopify,1.09,08/06/2023
PAY-20230806-166,ORD-20230806-139,8.52,08/06/2023,Received,Credit Card,0.21,08/06/2023
PAY-20230806-167,ORD-20230806-140,19.87,08/06/2023,Received,Cash,0.0,08/06/2023
PAY-20230806-168,ORD-20230806-141,14.18,08/06/2023,Received,Credit Card,0.35,08/06/2023
PAY-20230806-169,ORD-20230806-142,5.23,08/06/2023,Received,AfterPay,0.13,08/06/2023
PAY-20230806-170,ORD-20230806-142,5.23,08/06/2023,Pending,AfterPay,0.13,
PAY-20230806-171,ORD-20230806-143,4.3,08/06/2023,Pending,Credit Card,0.11,
PAY-20230806-172,ORD-20230806-144,4.64,08/06/2023,Received,Shopify,0.13,08/06/2023
PAY-20230806-173,ORD-20230806-145,9.4,08/06/2023,Received,Credit Card,0.23,08/06/2023
PAY-20230806-174,ORD-20230806-146,12.23,08/06/2023,Received,Shopify,0.35,08/06/2023
PAY-20230806-175,ORD-20230806-147,20.17,08/06/2023,Received,Credit Card,0.5,08/06/2023
PAY-20230806-176,ORD-20230806-148,7.48,08/06/2023,Received,Credit Card,0.19,08/06/2023
PAY-20230806-177,ORD-20230806-149,5.01,08/06/2023,Received,Cash,0.0,08/06/2023
PAY-20230806-178,ORD-20230806-150,14.21,08/06/2023,Received,Cash,0.0,08/06/2023
PAY-20230806-179,ORD-20230806-150,14.21,08/06/2023,Received,Cash,0.0,08/06/2023
PAY-20230806-180,ORD-20230806-151,29.94,08/06/2023,Received,Credit Card,0.75,08/06/2023
PAY-20230806-181,ORD-20230806-152,14.97,08/06/2023,Received,Cash,0.0,08/06/2023
PAY-20230806-182,ORD-20230806-152,14.97,08/06/2023,Received,Cash,0.0,08/06/2023
PAY-20230806-183,ORD-20230806-153,8.93,08/06/2023,Received,Credit Card,0.22,08/13/2023
PAY-20230806-184,ORD-20230806-154,5.93,08/06/2023,Received,Shopify,0.17,08/13/2023
PAY-20230806-185,ORD-20230806-155,9.24,08/06/2023,Received,Cash,0.0,08/08/2023
PAY-20230806-186,ORD-20230806-156,3.74,08/06/2023,Received,AfterPay,0.09,08/06/2023
PAY-20230806-187,ORD-20230806-157,24.06,08/06/2023,Received,AfterPay,0.6,08/06/2023
PAY-20230806-188,ORD-20230806-158,7.91,08/06/2023,Received,Credit Card,0.2,08/06/2023
PAY-20230806-189,ORD-20230806-159,6.48,08/06/2023,Received,Cash,0.0,08/07/2023
PAY-20230806-190,ORD-20230806-160,21.17,08/06/2023,Received,Cash,0.0,08/06/2023
PAY-20230806-191,ORD-20230806-161,13.74,08/06/2023,Received,Credit Card,0.34,08/06/2023
PAY-20230806-192,ORD-20230806-162,3.19,08/06/2023,Received,Credit Card,0.08,08/13/2023
PAY-20230806-193,ORD-20230806-163,9.94,08/06/2023,Received,AfterPay,0.25,08/06/2023
PAY-20230806-194,ORD-20230806-164,6.22,08/06/2023,Received,Cash,0.0,08/06/2023
PAY-20230806-195,ORD-20230806-165,9.57,08/06/2023,Received,Cash,0.0,08/06/2023
PAY-20230806-196,ORD-20230806-166,8.6,08/06/2023,Received,AfterPay,0.21,08/07/2023
PAY-20230806-197,ORD-20230806-167,17.13,08/06/2023,Received,Shopify,0.5,08/06/2023
PAY-20230806-198,ORD-20230806-168,22.45,08/06/2023,Received,Credit Card,0.56,08/06/2023
PAY-20230806-199,ORD-20230806-169,10.22,08/06/2023,Received,Credit Card,0.26,08/13/2023
PAY-20230806-200,ORD-20230806-170,3.8,08/06/2023,Received,Credit Card,0.1,08/09/2023
PAY-20230806-201,ORD-20230806-170,3.8,08/06/2023,Pending,Credit Card,0.1,
PAY-20230806-202,ORD-20230806-171,10.58,08/06/2023,Received,Credit Card,0.26,08/06/2023
PAY-20230806-203,ORD-20230806-172,7.57,08/06/2023,Received,Cash,0.0,08/06/2023
PAY-20230806-204,ORD-20230806-173,7.48,08/06/2023,Received,Credit Card,0.19,08/06/2023
PAY-20230806-205,ORD-20230806-174,6.91,08/06/2023,Received,Credit Card,0.17,08/06/2023
PAY-20230806-206,ORD-20230806-175,22.45,08/06/2023,Received,Credit Card,0.56,08/06/2023
PAY-20230806-207,ORD-20230806-176,5.65,08/06/2023,Received,Cash,0.0,08/06/2023
PAY-20230806-208,ORD-20230806-176,5.65,08/06/2023,Received,Cash,0.0,08/13/2023
PAY-20230806-209,ORD-20230806-177,6.78,08/06/2023,Received,Credit Card,0.17,08/09/2023
PAY-20230806-210,ORD-20230806-178,13.74,08/06/2023,Received,Credit Card,0.34,08/06/2023
PAY-20230806-211,ORD-20230806-178,13.74,08/06/2023,Failed,Credit Card,0.34,
PAY-20230806-212,ORD-20230806-179,4.67,08/06/2023,Received,Credit Card,0.12,08/13/2023
PAY-20230806-213,ORD-20230806-179,4.67,08/06/2023,Received,Credit Card,0.12,08/06/2023
PAY-20230806-214,ORD-20230806-180,14.97,08/06/2023,Pending,Credit Card,0.37,
PAY-20230806-215,ORD-20230806-181,15.51,08/06/2023,Received,Credit Card,0.39,08/09/2023
PAY-20230806-216,ORD-20230806-182,29.94,08/06/2023,Received,Cash,0.0,08/06/2023
PAY-20230806-217,ORD-20230806-183,15.11,08/06/2023,Received,Credit Card,0.38,08/13/2023
PAY-20230806-218,ORD-20230806-184,4.62,08/06/2023,Received,Credit Card,0.12,08/06/2023
PAY-20230806-219,ORD-20230806-184,4.62,08/06/2023,Received,Credit Card,0.12,08/13/2023
PAY-20230806-220,ORD-20230806-185,5.02,08/06/2023,Received,Credit Card,0.13,08/06/2023
PAY-20230806-221,ORD-20230806-185,5.02,08/06/2023,Received,Credit Card,0.13,08/08/2023
PAY-20230806-222,ORD-20230806-186,21.17,08/06/2023,Received,Cash,0.0,08/06/2023
PAY-20230806-223,ORD-20230806-187,22.81,08/06/2023,Received,Cash,0.0,08/06/2023
PAY-20230806-224,ORD-20230806-188,4.66,08/06/2023,Received,Cash,0.0,08/06/2023
PAY-20230806-225,ORD-20230806-188,4.66,08/06/2023,Received,Cash,0.0,08/06/2023
PAY-20230806-226,ORD-20230806-189,7.48,08/06/2023,Received,Cash,0.0,08/06/2023
PAY-20230806-227,ORD-20230806-190,11.86,08/06/2023,Pending,Shopify,0.34,
PAY-20230806-228,ORD-20230806-191,7.75,08/06/2023,Received,Shopify,0.22,08/06/2023
PAY-20230806-229,ORD-20230806-192,37.42,08/06/2023,Received,Credit Card,0.94,08/07/2023
PAY-20230806-230,ORD-20230806-193,6.87,08/06/2023,Pending,Cash,0.0,
PAY-20230806-231,ORD-20230806-193,6.87,08/06/2023,Received,Cash,0.0,08/06/2023
PAY-20230806-232,ORD-20230806-194,9.61,08/06/2023,Received,Cash,0.0,08/06/2023
PAY-20230806-233,ORD-20230806-194,9.61,08/06/2023,Received,Cash,0.0,08/06/2023
PAY-20230806-234,ORD-20230806-195,29.87,08/06/2023,Received,Credit Card,0.75,08/06/2023
PAY-20230806-235,ORD-20230806-196,20.07,08/06/2023,Received,Cash,0.0,08/06/2023
PAY-20230806-236,ORD-20230806-197,27.96,08/06/2023,Received,Credit Card,0.7,08/06/2023
PAY-20230806-237,ORD-20230806-198,25.27,08/06/2023,Received,Cash,0.0,08/06/2023
PAY-20230806-238,ORD-20230806-199,2.56,08/06/2023,Received,Credit Card,0.06,08/09/2023
PAY-20230806-239,ORD-20230806-199,2.56,08/06/2023,Received,Credit Card,0.06,08/06/2023
PAY-20230806-240,ORD-20230806-200,12.22,08/06/2023,Pending,Credit Card,0.31,
PAY-20230806-241,ORD-20230806-200,12.22,08/06/2023,Received,Credit Card,0.31,08/09/2023
PAY-20230806-242,ORD-20230806-201,37.42,08/06/2023,Pending,Cash,0.0,
PAY-20230806-243,ORD-20230806-202,4.49,08/06/2023,Received,Credit Card,0.11,08/06/2023
PAY-20230806-244,ORD-20230806-203,26.92,08/06/2023,Received,Credit Card,0.67,08/06/2023
PAY-20230806-245,ORD-20230806-204,9.37,08/06/2023,Received,On Account,0.0,08/06/2023
PAY-20230806-246,ORD-20230806-205,18.49,08/06/2023,Received,Cash,0.0,08/07/2023
PAY-20230806-247,ORD-20230806-206,3.56,08/06/2023,Received,AfterPay,0.09,08/07/2023
PAY-20230806-248,ORD-20230806-206,3.56,08/06/2023,Received,AfterPay,0.09,08/09/2023
PAY-20230806-249,ORD-20230806-207,3.9,08/06/2023,Received,Credit Card,0.1,08/08/2023
PAY-20230806-250,ORD-20230806-208,14.08,08/06/2023,Received,Credit Card,0.35,08/07/2023
