ExpenseID,CategoryName,ExpenseAmount,ExpenseDate,VendorName,Description
EXP-202311-001,Raw Materials,1176.64,11/20/2023,Bulk Foods Ltd,Ingredients - November 2023
EXP-202311-002,Raw Materials,1093.89,11/22/2023,Sugar & Spice Co,Ingredients - November 2023
EXP-202311-003,Ingredient Costs,1329.23,11/11/2023,Sugar & Spice Co,Ingredients - November 2023
EXP-202311-004,Ingredient Costs,1320.45,11/03/2023,Bulk Foods Ltd,Ingredients - November 2023
EXP-202311-005,Ingredients,1320.85,11/09/2023,Bulk Foods Ltd,Ingredients - November 2023
EXP-202311-006,Ingredient Costs,1267.33,11/24/2023,Dairy Distributor,Ingredients - November 2023
EXP-202311-007,Raw Materials,1097.48,11/21/2023,Sugar & Spice Co,Ingredients - November 2023
EXP-202311-008,Ingredient Costs,928.29,11/22/2023,Flour Suppliers Inc,Ingredients - November 2023
EXP-202311-009,Raw Materials,1241.85,11/10/2023,Bulk Foods Ltd,Ingredients - November 2023
EXP-202311-010,Ingredients,1273.98,11/17/2023,Sugar & Spice Co,Ingredients - November 2023
EXP-202311-011,Ingredients,922.83,11/17/2023,Sugar & Spice Co,Ingredients - November 2023
EXP-202311-012,Ingredient Costs,938.74,11/16/2023,Dairy Distributor,Ingredients - November 2023
EXP-202311-013,Ingredients,1026.54,11/11/2023,Bulk Foods Ltd,Ingredients - November 2023
EXP-202311-014,Raw Materials,1107.69,11/02/2023,Flour Suppliers Inc,Ingredients - November 2023
EXP-202311-015,Raw Materials,1247.45,11/21/2023,Sugar & Spice Co,Ingredients - November 2023
EXP-202311-016,Ingredients,913.4,11/10/2023,Bulk Foods Ltd,Ingredients - November 2023
EXP-202311-017,Raw Materials,1170.01,11/09/2023,Sugar & Spice Co,Ingredients - November 2023
EXP-202311-018,Staff Costs,6621.96,11/08/2023,Payroll,Labor - November 2023
EXP-202311-019,Staff Costs,6226.15,11/24/2023,Payroll,Labor - November 2023
EXP-202311-020,Utilities,5000.0,11/02/2023,Utility Company,Rent & Utilities - November 2023
EXP-202311-021,Marketing & Advertising,619.32,11/04/2023,Social Media Agency,Marketing - November 2023
EXP-202311-022,Marketing & Advertising,456.02,11/17/2023,Social Media Agency,Marketing - November 2023
EXP-202311-023,Marketing,602.69,11/10/2023,Digital Ads Co,Marketing - November 2023
EXP-202311-024,Equipment,225.7,11/03/2023,Equipment Supplier,Equipment - November 2023
EXP-202311-025,Equipment,301.04,11/10/2023,Equipment Supplier,Equipment - November 2023
EXP-202311-026,Packaging,229.27,11/02/2023,Packaging Co,Packaging - November 2023
EXP-202311-027,Packaging,326.33,11/25/2023,Packaging Co,Packaging - November 2023
EXP-202311-028,Other,495.66,11/08/2023,Various,Other - November 2023
EXP-202311-029,Other,631.61,11/04/2023,Various,Other - November 2023
