ProductID,ProductName,Category,SubCategory,UnitCost,CurrentPrice,IsActive
PROD-001,Sourdough Plain,Bread,Sourdough,3.3,6.03,Yes
PROD-002,Sourdough Seeded,Bread,Sourdough,2.33,4.72,Yes
PROD-003,Sourdough Organic,Bread,Sourdough,3.56,8.81,Yes
PROD-004,Baguette Plain,Bread,Baguette,3.97,7.5,Yes
PROD-005,Baguette Seeded,Bread,Baguette,2.72,4.97,Yes
PROD-006,Baguette Organic,Bread,Baguette,2.18,5.04,Yes
PROD-007,Ciabatta Plain,Bread,Ciabatta,1.67,3.34,Yes
PROD-008,Ciabatta Seeded,Bread,Ciabatta,3.32,7.8,Yes
PROD-009,Ciabatta Organic,Bread,Ciabatta,2.18,5.22,Yes
PROD-010,Focaccia Plain,Bread,Focaccia,3.75,6.77,Yes
PROD-011,Focaccia Seeded,Bread,Focaccia,3.74,9.34,Yes
PROD-012,Focaccia Organic,Bread,Focaccia,2.5,4.9,Yes
PROD-013,Brioche Plain,Bread,Brioche,4.14,8.85,Yes
PROD-014,Brioche Seeded,Bread,Brioche,1.84,3.49,Yes
PROD-015,Brioche Organic,Bread,Brioche,3.86,9.27,Yes
PROD-016,Whole Wheat Plain,Bread,Whole Wheat,3.75,9.48,Yes
PROD-017,Whole Wheat Seeded,Bread,Whole Wheat,3.02,8.39,Yes
PROD-018,Whole Wheat Organic,Bread,Whole Wheat,2.61,6.13,Yes
PROD-019,Rye Plain,Bread,Rye,3.8,9.19,Yes
PROD-020,Rye Seeded,Bread,Rye,3.89,9.24,Yes
PROD-021,Rye Organic,Bread,Rye,3.47,6.41,Yes
PROD-022,Multigrain Plain,Bread,Multigrain,2.2,4.61,Yes
PROD-023,Multigrain Seeded,Bread,Multigrain,1.81,3.68,Yes
PROD-024,Multigrain Organic,Bread,Multigrain,1.86,3.88,Yes
PROD-025,White Sandwich Plain,Bread,White Sandwich,3.29,7.12,Yes
PROD-026,White Sandwich Seeded,Bread,White Sandwich,2.59,5.2,Yes
PROD-027,White Sandwich Organic,Bread,White Sandwich,2.31,6.33,Yes
PROD-028,Croissant Plain,Pastries,Croissant,3.32,8.01,Yes
PROD-029,Croissant Seeded,Pastries,Croissant,2.06,5.2,Yes
PROD-030,Croissant Organic,Pastries,Croissant,2.03,4.43,Yes
PROD-031,Danish Plain,Pastries,Danish,4.23,10.32,Yes
PROD-032,Danish Seeded,Pastries,Danish,3.08,7.65,Yes
PROD-033,Danish Organic,Pastries,Danish,3.84,9.9,Yes
PROD-034,Muffin Plain,Pastries,Muffin,2.2,4.04,Yes
PROD-035,Muffin Seeded,Pastries,Muffin,2.44,5.05,Yes
PROD-036,Muffin Organic,Pastries,Muffin,2.16,5.93,Yes
PROD-037,Scone Plain,Pastries,Scone,3.93,8.31,Yes
PROD-038,Scone Seeded,Pastries,Scone,3.34,7.34,Yes
PROD-039,Scone Organic,Pastries,Scone,4.04,9.12,Yes
PROD-040,Eclair Plain,Pastries,Eclair,2.3,4.71,Yes
PROD-041,Eclair Seeded,Pastries,Eclair,3.09,6.37,Yes
PROD-042,Eclair Organic,Pastries,Eclair,3.15,8.51,Yes
PROD-043,Tart Plain,Pastries,Tart,2.66,5.38,Yes
PROD-044,Tart Seeded,Pastries,Tart,4.25,9.82,Yes
PROD-045,Tart Organic,Pastries,Tart,1.84,3.41,Yes
PROD-046,Birthday Cake Plain,Cakes,Birthday Cake,1.89,4.58,Yes
PROD-047,Birthday Cake Seeded,Cakes,Birthday Cake,3.71,8.23,Yes
PROD-048,Birthday Cake Organic,Cakes,Birthday Cake,1.77,3.86,Yes
PROD-049,Cheesecake Plain,Cakes,Cheesecake,4.25,9.89,Yes
PROD-050,Cheesecake Seeded,Cakes,Cheesecake,4.19,11.14,Yes
PROD-051,Cheesecake Organic,Cakes,Cheesecake,1.63,4.11,Yes
PROD-052,Layer Cake Plain,Cakes,Layer Cake,3.41,7.97,Yes
PROD-053,Layer Cake Seeded,Cakes,Layer Cake,2.31,5.64,Yes
PROD-054,Layer Cake Organic,Cakes,Layer Cake,1.9,4.24,Yes
PROD-055,Cupcake Plain,Cakes,Cupcake,2.8,7.71,Yes
PROD-056,Cupcake Seeded,Cakes,Cupcake,3.93,8.1,Yes
PROD-057,Cupcake Organic,Cakes,Cupcake,2.93,5.79,Yes
PROD-058,Wedding Cake Plain,Cakes,Wedding Cake,4.03,10.75,Yes
PROD-059,Wedding Cake Seeded,Cakes,Wedding Cake,2.4,5.85,Yes
PROD-060,Wedding Cake Organic,Cakes,Wedding Cake,3.22,6.28,Yes
PROD-061,Chocolate Chip Plain,Cookies,Chocolate Chip,3.63,8.5,Yes
PROD-062,Chocolate Chip Seeded,Cookies,Chocolate Chip,3.67,8.56,Yes
PROD-063,Chocolate Chip Organic,Cookies,Chocolate Chip,1.6,3.4,Yes
PROD-064,Oatmeal Plain,Cookies,Oatmeal,1.65,4.5,Yes
PROD-065,Oatmeal Seeded,Cookies,Oatmeal,3.94,10.37,Yes
PROD-066,Oatmeal Organic,Cookies,Oatmeal,2.42,4.49,Yes
PROD-067,Sugar Cookie Plain,Cookies,Sugar Cookie,3.94,10.82,Yes
PROD-068,Sugar Cookie Seeded,Cookies,Sugar Cookie,1.82,4.16,Yes
PROD-069,Sugar Cookie Organic,Cookies,Sugar Cookie,1.78,4.56,Yes
PROD-070,Macaron Plain,Cookies,Macaron,3.63,7.01,Yes
PROD-071,Macaron Seeded,Cookies,Macaron,2.86,6.73,Yes
PROD-072,Macaron Organic,Cookies,Macaron,2.3,6.15,Yes
PROD-073,Biscotti Plain,Cookies,Biscotti,2.73,5.48,Yes
PROD-074,Biscotti Seeded,Cookies,Biscotti,3.04,7.68,Yes
PROD-075,Biscotti Organic,Cookies,Biscotti,2.13,4.49,Yes
PROD-076,Coffee Plain,Beverages,Coffee,4.25,10.42,Yes
PROD-077,Coffee Seeded,Beverages,Coffee,2.77,6.42,Yes
PROD-078,Coffee Organic,Beverages,Coffee,1.92,3.88,Yes
PROD-079,Tea Plain,Beverages,Tea,2.5,5.97,Yes
PROD-080,Tea Seeded,Beverages,Tea,2.22,4.47,Yes
PROD-081,Tea Organic,Beverages,Tea,1.79,4.35,Yes
PROD-082,Juice Plain,Beverages,Juice,2.2,5.96,Yes
PROD-083,Juice Seeded,Beverages,Juice,3.89,7.27,Yes
PROD-084,Juice Organic,Beverages,Juice,2.24,5.52,Yes
PROD-085,Smoothie Plain,Beverages,Smoothie,2.17,4.2,Yes
PROD-086,Smoothie Seeded,Beverages,Smoothie,4.09,9.69,Yes
PROD-087,Smoothie Organic,Beverages,Smoothie,2.85,7.38,Yes
