OrderID,CustID,ProductID,Order Date,Quantity,Unit Price,Discount,TaxAmt,Payment Method,Loc,Lead Time,Order Status
ORD-20220313-001,CUST-0722,PROD-087,2022-03-13,2,$6.93,0.0,$1.11,Credit Card,Online,1,Fulfilled
ORD-20220313-002,CUST-0974,PROD-004,2022-03-13,5,$7.04,0.0,$2.82,Credit Card,Main Street,1,Fulfilled
ORD-20220313-003,CUST-1556,PROD-002,2022-03-13,1,4.43,$0.0,$0.35,Credit Card,Main Street,1,Fulfilled
ORD-20220313-004,CUST-1585,PROD-012,2022-03-13,3,4.6,0.0,$1.1,Credit Card,Online,1,Fulfilled
ORD-20220313-005,CUST-1314,PROD-087,2022-03-13,2,6.93,$0.0,$1.11,Credit Card,Online,1,Fulfilled
ORD-20220313-006,CUST-1705,PROD-087,2022-03-13,2,6.93,0.0,1.11,Credit Card,Wholesale,1,Fulfilled
ORD-20220313-007,,PROD-062,2022-03-13,2,8.04,$0.0,1.29,Cash,Main Street,1,Fulfilled
ORD-20220313-008,CUST-1523,PROD-087,2022-03-13,2,$6.93,$0.0,$1.11,Cash,Main Street,1,Fulfilled
ORD-20220313-009,CUST-0786,PROD-012,2022-03-13,5,4.6,0.0,1.84,Credit Card,Online,1,Pending
ORD-20220313-010,CUST-0004,PROD-087,2022-03-13,1,6.93,0.0,0.55,AfterPay,Online,3,Fulfilled
ORD-20220313-011,CUST-1991,PROD-007,2022-03-13,2,3.14,$0.33,0.48,Credit Card,Online,1,Fulfilled
ORD-20220313-012,CUST-0823,PROD-005,2022-03-13,2,4.67,0.0,0.75,AfterPay,Main Street,1,Fulfilled
ORD-20220313-013,CUST-1049,PROD-006,2022-03-13,1,4.73,0.0,0.38,Credit Card,Online,4,Fulfilled
ORD-20220313-014,CUST-0860,PROD-047,2022-03-13,1,$7.73,0.0,$0.62,On Account,Mall Location,2,Fulfilled
ORD-20220313-015,CUST-1409,PROD-087,2022-03-13,1,$6.93,0.55,$0.51,Credit Card,Online,3,Fulfilled
ORD-20220313-016,CUST-0561,PROD-023,2022-03-13,1,$3.46,0.0,$0.28,Credit Card,Online,1,Fulfilled
ORD-20220313-017,CUST-1113,PROD-087,2022-03-13,2,6.93,0.0,1.11,Cash,Online,1,Fulfilled
ORD-20220313-018,CUST-1854,PROD-029,2022-03-13,3,4.88,0.0,$1.17,Credit Card,Mall Location,5,Fulfilled
ORD-20220313-019,CUST-1331,PROD-008,2022-03-13,2,7.32,$0.0,1.17,Credit Card,Online,1,Fulfilled
ORD-20220313-020,CUST-1204,PROD-033,2022-03-13,4,9.3,0.0,2.98,Cash,Main Street,1,Fulfilled
ORD-20220313-021,CUST-1522,PROD-067,2022-03-13,1,$10.16,$0.0,0.81,On Account,Online,2,Fulfilled
ORD-20220313-022,CUST-1026,PROD-087,2022-03-13,1,$6.93,0.0,0.55,Shopify,Mall Location,1,Fulfilled
ORD-20220313-023,CUST-0966,PROD-032,2022-03-13,1,$7.18,0.42,0.54,Shopify,Main Street,1,Fulfilled
ORD-20220313-024,CUST-0164,PROD-050,2022-03-13,1,10.46,$0.5,0.8,Credit Card,Online,3,Fulfilled
ORD-20220313-025,CUST-0937,PROD-015,2022-03-13,1,8.7,$0.0,$0.7,Credit Card,Main Street,1,Fulfilled
ORD-20220313-026,CUST-1936,PROD-060,2022-03-13,1,5.9,0.0,0.47,Cash,Main Street,2,Fulfilled
ORD-20220313-027,CUST-0128,PROD-087,2022-03-13,1,6.93,$0.0,0.55,Credit Card,Main Street,1,Fulfilled
ORD-20220313-028,CUST-0241,PROD-003,2022-03-13,1,8.27,$0.0,$0.66,Cash,Mall Location,2,Fulfilled
ORD-20220313-029,CUST-1885,PROD-087,2022-03-13,1,6.93,0.0,0.55,Credit Card,Online,2,Fulfilled
ORD-20220313-030,CUST-0934,PROD-045,2022-03-13,1,3.2,$0.0,$0.26,Credit Card,Main Street,1,Fulfilled
ORD-20220313-031,CUST-0906,PROD-014,2022-03-13,4,3.28,0.0,$1.05,Credit Card,Mall Location,1,Fulfilled
ORD-20220313-032,,PROD-087,2022-03-13,2,$6.93,0.0,$1.11,On Account,Online,1,Fulfilled
ORD-20220313-033,CUST-0672,PROD-035,2022-03-13,1,4.74,0.0,0.38,Credit Card,Main Street,1,Fulfilled
ORD-20220313-034,CUST-1429,PROD-020,2022-03-13,1,8.68,$0.0,0.69,On Account,Main Street,3,Fulfilled
ORD-20220313-035,CUST-0885,PROD-010,2022-03-13,1,$6.36,0.0,$0.51,AfterPay,Main Street,3,Fulfilled
ORD-20220313-036,CUST-1957,PROD-014,2022-03-13,3,3.28,$0.38,0.76,Credit Card,Wholesale,1,Fulfilled
ORD-20220313-037,CUST-0696,PROD-087,2022-03-13,1,$6.93,$0.38,$0.52,Cash,Wholesale,3,Fulfilled
ORD-20220313-038,CUST-0457,PROD-054,2022-03-13,1,$3.98,0.0,0.32,Cash,Main Street,1,Fulfilled
ORD-20220313-039,CUST-1474,PROD-087,2022-03-13,4,6.93,$0.1,$2.21,Cash,Mall Location,1,Fulfilled
ORD-20220313-040,CUST-1522,PROD-013,2022-03-13,4,8.31,$0.0,$2.66,Shopify,Main Street,2,Fulfilled
ORD-20220313-041,CUST-0697,PROD-006,2022-03-13,2,$4.73,0.0,0.76,Credit Card,Mall Location,2,Fulfilled
ORD-20220313-042,CUST-0447,PROD-001,2022-03-13,4,5.66,$0.0,1.81,Credit Card,Main Street,1,Fulfilled
ORD-20220313-043,CUST-1774,PROD-038,2022-03-13,1,$6.89,0.67,0.5,Credit Card,Mall Location,3,Fulfilled
ORD-20220313-044,CUST-0361,PROD-087,2022-03-13,5,6.93,$0.0,$2.77,Credit Card,Mall Location,1,Fulfilled
ORD-20220313-045,CUST-0357,PROD-071,2022-03-13,2,6.32,0.0,$1.01,Shopify,Mall Location,2,Fulfilled
ORD-20220313-046,CUST-0732,PROD-018,2022-03-13,3,5.76,0.0,1.38,Credit Card,Online,1,Fulfilled
ORD-20220313-047,CUST-0489,PROD-087,2022-03-13,4,6.93,$0.0,2.22,Cash,Online,1,Fulfilled
ORD-20220313-048,CUST-0434,PROD-087,2022-03-13,1,$6.93,0.0,0.55,Credit Card,Online,2,Fulfilled
ORD-20220313-049,,PROD-001,2022-03-13,1,5.66,0.0,0.45,Credit Card,Mall Location,2,Fulfilled
ORD-20220313-050,CUST-0534,PROD-087,2022-03-13,4,6.93,0.0,2.22,Credit Card,Online,1,Fulfilled
ORD-20220313-051,CUST-1649,PROD-018,2022-03-13,1,5.76,0.0,0.46,Credit Card,Online,1,Fulfilled
ORD-20220313-052,CUST-0939,PROD-008,2022-03-13,5,7.32,$0.0,2.93,Credit Card,Online,1,Fulfilled
ORD-20220313-053,CUST-1080,PROD-012,2022-03-13,2,$4.6,$0.0,$0.74,Credit Card,Mall Location,1,Fulfilled
ORD-20220313-054,CUST-0025,PROD-033,2022-03-13,4,9.3,0.0,2.98,Credit Card,Main Street,1,Pending
ORD-20220313-055,CUST-0197,PROD-028,2022-03-13,3,7.52,0.0,$1.8,Shopify,Online,2,Fulfilled
ORD-20220313-056,CUST-1321,PROD-017,2022-03-13,1,7.88,$0.0,0.63,Credit Card,Main Street,1,Fulfilled
ORD-20220313-057,CUST-1409,PROD-009,2022-03-13,4,$4.9,0.0,1.57,Credit Card,Online,1,Fulfilled
ORD-20220313-058,CUST-1627,PROD-087,2022-03-13,5,6.93,$0.11,2.76,Cash,Main Street,2,Fulfilled
ORD-20220313-059,CUST-1659,PROD-087,2022-03-13,1,$6.93,0.0,0.55,Shopify,Main Street,1,Fulfilled
ORD-20220313-060,CUST-1577,PROD-087,2022-03-13,1,6.93,$0.0,0.55,Credit Card,Online,1,Fulfilled
ORD-20220313-061,CUST-0888,PROD-017,2022-03-13,2,$7.88,0.99,1.18,Cash,Main Street,1,Fulfilled
ORD-20220313-062,CUST-1579,PROD-014,2022-03-13,2,$3.28,0.05,0.52,Credit Card,Online,1,Fulfilled
ORD-20220313-063,CUST-1144,PROD-012,2022-03-13,1,4.6,0.18,0.35,Cash,Main Street,1,Fulfilled
ORD-20220313-064,CUST-1533,PROD-007,2022-03-13,1,$3.14,0.0,0.25,Shopify,Main Street,2,Fulfilled
ORD-20220313-065,CUST-0393,PROD-043,2022-03-13,4,5.05,0.64,1.56,Credit Card,Online,1,Fulfilled
ORD-20220313-066,CUST-1629,PROD-052,2022-03-13,1,$7.48,0.0,0.6,Credit Card,Main Street,3,Fulfilled
ORD-20220313-067,CUST-1365,PROD-074,2022-03-13,2,$7.21,0.0,1.15,Credit Card,Online,1,Fulfilled
ORD-20220313-068,CUST-1614,PROD-067,2022-03-13,1,10.16,$0.0,0.81,On Account,Online,1,Fulfilled
ORD-20220313-069,,PROD-017,2022-03-13,2,$7.88,0.0,1.26,Credit Card,Online,1,Fulfilled
ORD-20220313-070,CUST-1424,PROD-020,2022-03-13,1,$8.68,0.0,0.69,Credit Card,Online,3,Fulfilled
ORD-20220313-071,CUST-1797,PROD-068,2022-03-13,2,$3.91,$0.0,$0.63,Credit Card,Mall Location,3,Fulfilled
ORD-20220313-072,CUST-0254,PROD-021,2022-03-13,1,6.02,0.0,$0.48,Cash,Main Street,1,Fulfilled
ORD-20220313-073,CUST-0032,PROD-012,2022-03-13,5,$4.6,0.0,1.84,Credit Card,Main Street,1,Fulfilled
ORD-20220313-074,CUST-1635,PROD-023,2022-03-13,2,3.46,0.0,0.55,Credit Card,Online,2,Fulfilled
ORD-20220313-075,CUST-0332,PROD-015,2022-03-13,2,$8.7,$0.0,$1.39,Shopify,Online,1,Fulfilled
ORD-20220313-076,CUST-1542,PROD-005,2022-03-13,2,4.67,$0.0,0.75,Credit Card,Online,2,Fulfilled
ORD-20220313-077,CUST-1730,PROD-087,2022-03-13,1,6.93,0.0,0.55,On Account,Online,1,Fulfilled
ORD-20220313-078,CUST-0674,PROD-087,2022-03-13,1,6.93,0.0,0.55,Cash,Online,1,Fulfilled
ORD-20220313-079,CUST-0018,PROD-012,2022-03-13,5,4.6,0.0,1.84,Credit Card,Online,3,Fulfilled
ORD-20220313-080,CUST-0196,PROD-003,2022-03-13,1,8.27,0.0,$0.66,Credit Card,Online,1,Fulfilled
ORD-20220313-081,,PROD-084,2022-03-13,1,5.18,$0.0,0.41,Credit Card,Online,3,Fulfilled
ORD-20220313-082,CUST-0231,PROD-011,2022-03-13,3,8.77,0.7,2.05,Credit Card,Main Street,1,Fulfilled
ORD-20220313-083,CUST-1993,PROD-025,2022-03-13,2,$6.69,0.0,1.07,Cash,Main Street,1,Fulfilled
ORD-20220313-084,CUST-0149,PROD-003,2022-03-13,1,8.27,$0.0,0.66,Shopify,Mall Location,1,Fulfilled
ORD-20220313-085,CUST-0625,PROD-012,2022-03-13,1,$4.6,0.0,0.37,Credit Card,Online,1,Fulfilled
ORD-20220313-086,CUST-1034,PROD-087,2022-03-13,1,6.93,0.0,$0.55,Cash,Main Street,1,Fulfilled
ORD-20220313-087,CUST-0930,PROD-087,2022-03-13,3,6.93,0.0,$1.66,Shopify,Wholesale,1,Fulfilled
ORD-20220313-088,CUST-0671,PROD-011,2022-03-13,4,$8.77,0.0,$2.81,Cash,Main Street,3,Fulfilled
ORD-20220313-089,CUST-1518,PROD-020,2022-03-13,2,8.68,0.0,1.39,AfterPay,Online,1,Fulfilled
ORD-20220313-090,CUST-1129,PROD-007,2022-03-13,2,$3.14,0.0,0.5,AfterPay,Wholesale,1,Fulfilled
ORD-20220313-091,CUST-0508,PROD-004,2022-03-13,1,7.04,0.96,0.49,Cash,Online,1,Fulfilled
ORD-20220313-092,CUST-1861,PROD-087,2022-03-13,2,6.93,0.0,1.11,AfterPay,Main Street,2,Fulfilled
ORD-20220313-093,CUST-1421,PROD-062,2022-03-13,1,8.04,0.0,0.64,On Account,Online,3,Fulfilled
ORD-20220313-094,CUST-0925,PROD-042,2022-03-13,5,$7.99,$0.0,3.2,Credit Card,Main Street,3,Fulfilled
ORD-20220313-095,CUST-1944,PROD-087,2022-03-13,2,6.93,0.0,1.11,Cash,Main Street,1,Fulfilled
ORD-20220313-096,CUST-1064,PROD-087,2022-03-13,2,$6.93,$0.0,$1.11,Credit Card,Main Street,2,Fulfilled
ORD-20220313-097,CUST-1485,PROD-087,2022-03-13,1,6.93,0.0,0.55,Credit Card,Main Street,1,Fulfilled
ORD-20220313-098,CUST-1806,PROD-001,2022-03-13,1,5.66,0.0,0.45,Cash,Online,1,Fulfilled
ORD-20220313-099,CUST-0183,PROD-010,2022-03-13,2,$6.36,0.0,$1.02,Credit Card,Main Street,1,Fulfilled
ORD-20220313-100,CUST-1508,PROD-062,2022-03-13,1,8.04,0.0,0.64,Credit Card,Main Street,2,Fulfilled
ORD-20220313-101,CUST-0594,PROD-024,2022-03-13,2,3.64,$0.0,0.58,Shopify,Main Street,1,Fulfilled
ORD-20220313-102,CUST-1632,PROD-087,2022-03-13,3,6.93,$0.0,$1.66,Cash,Main Street,1,Fulfilled
ORD-20220313-103,CUST-1086,PROD-064,2022-03-13,3,$4.23,$0.0,$1.02,Credit Card,Main Street,1,Fulfilled
ORD-20220313-104,CUST-0311,PROD-087,2022-03-13,2,6.93,0.0,$1.11,Credit Card,Mall Location,5,Fulfilled
ORD-20220313-105,CUST-1449,PROD-011,2022-03-13,4,8.77,0.0,$2.81,AfterPay,Main Street,1,Fulfilled
ORD-20220313-106,CUST-0430,PROD-087,2022-03-13,2,6.93,0.0,1.11,Cash,Main Street,1,Fulfilled
ORD-20220313-107,CUST-0574,PROD-019,2022-03-13,3,8.63,$0.0,$2.07,Credit Card,Online,1,Fulfilled
ORD-20220313-108,CUST-1315,PROD-087,2022-03-13,1,6.93,$0.0,$0.55,Credit Card,Main Street,2,Fulfilled
ORD-20220313-109,CUST-0483,PROD-008,2022-03-13,3,$7.32,$0.0,$1.76,Cash,Online,1,Fulfilled
ORD-20220313-110,CUST-1754,PROD-039,2022-03-13,1,$8.56,$0.0,$0.68,Credit Card,Main Street,1,Fulfilled
ORD-20220313-111,CUST-1373,PROD-087,2022-03-13,2,6.93,0.0,1.11,Cash,Online,1,Fulfilled
ORD-20220313-112,CUST-1624,PROD-029,2022-03-13,1,4.88,0.0,0.39,Credit Card,Wholesale,4,Fulfilled
ORD-20220313-113,CUST-0865,PROD-033,2022-03-13,1,$9.3,$0.0,$0.74,Credit Card,Online,1,Fulfilled
ORD-20220313-114,,PROD-087,2022-03-13,1,6.93,0.0,0.55,Credit Card,Main Street,1,Fulfilled
ORD-20220313-115,CUST-1979,PROD-028,2022-03-13,1,7.52,0.38,$0.57,Credit Card,Mall Location,1,Fulfilled
ORD-20220313-116,CUST-0129,PROD-052,2022-03-13,1,7.48,$0.0,$0.6,Credit Card,Main Street,2,Fulfilled
ORD-20220313-117,CUST-0594,PROD-003,2022-03-13,2,8.27,0.0,$1.32,Credit Card,Main Street,2,Fulfilled
ORD-20220313-118,CUST-1251,PROD-087,2022-03-13,1,6.93,$0.0,$0.55,Credit Card,Main Street,1,Fulfilled
ORD-20220313-119,CUST-1779,PROD-060,2022-03-13,1,$5.9,0.37,0.44,Credit Card,Mall Location,2,Fulfilled
ORD-20220313-120,CUST-0674,PROD-026,2022-03-13,2,$4.88,0.73,0.72,On Account,Main Street,1,Fulfilled
ORD-20220313-121,CUST-0707,PROD-001,2022-03-13,4,$5.66,0.0,$1.81,Cash,Main Street,4,Fulfilled
ORD-20220313-122,CUST-1001,PROD-050,2022-03-13,3,$10.46,$0.0,2.51,Credit Card,Wholesale,1,Fulfilled
ORD-20220313-123,CUST-0167,PROD-001,2022-03-13,2,5.66,0.68,0.85,Cash,Wholesale,1,Fulfilled
ORD-20220313-124,CUST-0363,PROD-001,2022-03-13,1,$5.66,$0.0,$0.45,Shopify,Online,1,Fulfilled
ORD-20220313-125,CUST-0054,PROD-054,2022-03-13,1,3.98,$0.0,0.32,Cash,Mall Location,1,Fulfilled
ORD-20220313-126,CUST-0583,PROD-010,2022-03-13,2,$6.36,$0.0,1.02,Credit Card,Main Street,2,Fulfilled
ORD-20220313-127,CUST-1632,PROD-010,2022-03-13,1,6.36,$0.0,0.51,AfterPay,Online,2,Fulfilled
ORD-20220313-128,CUST-1670,PROD-061,2022-03-13,1,7.98,$0.0,0.64,Cash,Wholesale,3,Fulfilled
ORD-20220313-129,CUST-0041,PROD-003,2022-03-13,1,8.27,$0.0,$0.66,Credit Card,Online,3,Fulfilled
ORD-20220313-130,CUST-0313,PROD-018,2022-03-13,3,$5.76,0.0,$1.38,Credit Card,Wholesale,2,Fulfilled
ORD-20220313-131,CUST-1815,PROD-008,2022-03-13,1,7.32,$0.0,$0.59,Cash,Online,2,Fulfilled
ORD-20220313-132,CUST-0574,PROD-048,2022-03-13,1,3.62,0.0,$0.29,Credit Card,Online,1,Fulfilled
ORD-20220313-133,CUST-0317,PROD-063,2022-03-13,1,$3.19,0.0,0.26,Credit Card,Online,1,Fulfilled
ORD-20220313-134,CUST-0842,PROD-078,2022-03-13,2,3.64,$0.0,0.58,Shopify,Wholesale,1,Fulfilled
ORD-20220313-135,CUST-1505,PROD-014,2022-03-13,3,$3.28,$0.21,$0.77,Credit Card,Main Street,1,Fulfilled
ORD-20220313-136,,PROD-005,2022-03-13,1,4.67,0.36,0.34,Credit Card,Main Street,2,Fulfilled
ORD-20220313-137,CUST-1457,PROD-004,2022-03-13,4,7.04,$0.0,$2.25,Credit Card,Main Street,3,Fulfilled
ORD-20220313-138,CUST-0208,PROD-028,2022-03-13,1,7.52,0.0,$0.6,Shopify,Online,1,Fulfilled
ORD-20220313-139,CUST-1606,PROD-087,2022-03-13,1,6.93,0.0,0.55,Credit Card,Main Street,1,Fulfilled
ORD-20220313-140,CUST-0667,PROD-012,2022-03-13,5,4.6,$0.0,1.84,AfterPay,Mall Location,1,Fulfilled
ORD-20220313-141,CUST-0303,PROD-014,2022-03-13,1,$3.28,0.0,$0.26,AfterPay,Online,2,Fulfilled
ORD-20220313-142,CUST-0071,PROD-005,2022-03-13,3,4.67,$0.0,1.12,AfterPay,Mall Location,1,Fulfilled
ORD-20220313-143,CUST-1095,PROD-052,2022-03-13,4,7.48,0.0,$2.39,Shopify,Mall Location,1,Fulfilled
ORD-20220313-144,CUST-0046,PROD-067,2022-03-13,2,10.16,$0.0,1.63,Credit Card,Online,3,Fulfilled
ORD-20220313-145,CUST-0049,PROD-059,2022-03-13,1,$5.49,0.0,0.44,Credit Card,Online,1,Fulfilled
ORD-20220313-146,CUST-0439,PROD-087,2022-03-13,3,$6.93,0.0,1.66,Credit Card,Wholesale,1,Fulfilled
ORD-20220313-147,CUST-0304,PROD-035,2022-03-13,3,4.74,0.0,1.14,Credit Card,Main Street,2,Fulfilled
ORD-20220313-148,CUST-0368,PROD-007,2022-03-13,4,$3.14,$0.0,1.0,On Account,Main Street,2,Fulfilled
ORD-20220313-149,CUST-1450,PROD-017,2022-03-13,1,7.88,0.0,0.63,AfterPay,Main Street,1,Fulfilled
ORD-20220313-150,CUST-0883,PROD-063,2022-03-13,3,$3.19,$0.37,$0.74,Cash,Online,3,Fulfilled
ORD-20220313-151,CUST-0224,PROD-053,2022-03-13,1,5.3,$0.0,0.42,Cash,Main Street,1,Fulfilled
ORD-20220313-152,CUST-0101,PROD-041,2022-03-13,1,5.98,0.0,0.48,Cash,Main Street,1,Fulfilled
ORD-20220313-153,CUST-0226,PROD-068,2022-03-13,1,3.91,0.0,0.31,Credit Card,Main Street,1,Fulfilled
ORD-20220313-154,CUST-1932,PROD-058,2022-03-13,2,10.09,1.48,1.5,Credit Card,Main Street,1,Fulfilled
ORD-20220313-155,CUST-0944,PROD-087,2022-03-13,5,6.93,0.0,2.77,Credit Card,Online,1,Fulfilled
ORD-20220313-156,CUST-1864,PROD-049,2022-03-13,4,$9.29,0.0,2.97,Credit Card,Main Street,2,Fulfilled
ORD-20220313-157,CUST-1199,PROD-087,2022-03-13,1,$6.93,0.0,0.55,Credit Card,Main Street,1,Fulfilled
ORD-20220313-158,CUST-1672,PROD-014,2022-03-13,1,3.28,$0.0,0.26,Credit Card,Main Street,1,Fulfilled
ORD-20220313-159,CUST-1858,PROD-067,2022-03-13,1,$10.16,0.0,$0.81,Cash,Mall Location,1,Fulfilled
ORD-20220313-160,CUST-1268,PROD-087,2022-03-13,3,$6.93,$0.0,$1.66,AfterPay,Online,1,Fulfilled
ORD-20220313-161,CUST-1257,PROD-025,2022-03-13,1,6.69,$0.0,0.54,Shopify,Online,1,Fulfilled
ORD-20220313-162,CUST-1906,PROD-087,2022-03-13,4,6.93,0.0,2.22,Credit Card,Online,1,Fulfilled
ORD-20220313-163,CUST-1353,PROD-079,2022-03-13,1,5.61,0.0,0.45,Credit Card,Mall Location,1,Fulfilled
ORD-20220313-164,CUST-1392,PROD-003,2022-03-13,1,$8.27,0.0,0.66,Shopify,Main Street,2,Fulfilled
ORD-20220313-165,CUST-1144,PROD-048,2022-03-13,1,3.62,0.0,0.29,On Account,Main Street,1,Fulfilled
ORD-20220313-166,CUST-1129,PROD-007,2022-03-13,3,3.14,$0.0,0.75,AfterPay,Wholesale,1,Fulfilled
ORD-20220313-167,CUST-0155,PROD-087,2022-03-13,2,6.93,0.0,1.11,Cash,Main Street,1,Fulfilled
ORD-20220313-168,CUST-0200,PROD-087,2022-03-13,2,6.93,0.0,$1.11,Cash,Online,3,Fulfilled
ORD-20220313-169,CUST-0137,PROD-006,2022-03-13,1,4.73,$0.0,0.38,Credit Card,Main Street,2,Fulfilled
ORD-20220313-170,CUST-1053,PROD-006,2022-03-13,1,4.73,$0.0,$0.38,Credit Card,Main Street,1,Fulfilled
ORD-20220313-171,CUST-0073,PROD-050,2022-03-13,1,$10.46,0.0,0.84,Credit Card,Main Street,1,Fulfilled
ORD-20220313-172,CUST-1009,PROD-021,2022-03-13,1,6.02,0.0,$0.48,Credit Card,Online,1,Fulfilled
ORD-20220313-173,CUST-0861,PROD-002,2022-03-13,1,$4.43,0.0,0.35,Cash,Main Street,1,Fulfilled
ORD-20220313-174,CUST-0048,PROD-042,2022-03-13,2,7.99,0.0,1.28,Credit Card,Online,1,Fulfilled
ORD-20220313-175,CUST-1812,PROD-025,2022-03-13,3,$6.69,0.0,1.61,AfterPay,Mall Location,1,Fulfilled
ORD-20220313-176,CUST-0592,PROD-005,2022-03-13,2,$4.67,0.38,$0.72,Credit Card,Main Street,1,Fulfilled
ORD-20220313-177,CUST-0397,PROD-087,2022-03-13,3,$6.93,0.0,1.66,Credit Card,Mall Location,1,Fulfilled
ORD-20220313-178,CUST-0660,PROD-087,2022-03-13,2,6.93,0.62,$1.06,Shopify,Main Street,3,Fulfilled
ORD-20220313-179,CUST-0749,PROD-087,2022-03-13,3,$6.93,$0.0,1.66,Credit Card,Online,1,Fulfilled
ORD-20220313-180,CUST-1079,PROD-087,2022-03-13,3,6.93,$0.37,1.63,AfterPay,Main Street,1,Fulfilled
ORD-20220313-181,CUST-0976,PROD-012,2022-03-13,5,4.6,0.0,1.84,Credit Card,Mall Location,2,Fulfilled
ORD-20220313-182,CUST-1851,PROD-015,2022-03-13,4,8.7,1.22,$2.69,Shopify,Main Street,3,Fulfilled
ORD-20220313-183,CUST-0731,PROD-011,2022-03-13,1,$8.77,0.0,0.7,Credit Card,Online,1,Fulfilled
ORD-20220313-184,CUST-1787,PROD-087,2022-03-13,1,6.93,0.0,0.55,Shopify,Main Street,5,Fulfilled
ORD-20220313-185,CUST-0114,PROD-087,2022-03-13,2,6.93,0.0,1.11,Shopify,Main Street,3,Fulfilled
ORD-20220313-186,CUST-0756,PROD-077,2022-03-13,1,$6.03,$0.0,$0.48,Credit Card,Main Street,2,Fulfilled
ORD-20220313-187,CUST-1653,PROD-087,2022-03-13,3,6.93,$0.0,$1.66,Credit Card,Online,1,Fulfilled
ORD-20220313-188,,PROD-058,2022-03-13,2,$10.09,0.0,$1.61,Shopify,Main Street,1,Fulfilled
ORD-20220313-189,CUST-1167,PROD-025,2022-03-13,1,$6.69,0.0,0.54,AfterPay,Main Street,1,Fulfilled
ORD-20220313-190,CUST-0612,PROD-028,2022-03-13,1,7.52,0.0,0.6,AfterPay,Main Street,2,Fulfilled
ORD-20220313-191,CUST-0576,PROD-004,2022-03-13,5,7.04,0.0,$2.82,Cash,Main Street,2,Fulfilled
ORD-20220313-192,CUST-1463,PROD-002,2022-03-13,3,4.43,$0.62,$1.01,Credit Card,Wholesale,1,Fulfilled
ORD-20220313-193,CUST-0971,PROD-071,2022-03-13,2,6.32,0.0,$1.01,Shopify,Wholesale,1,Fulfilled
ORD-20220313-194,CUST-1414,PROD-030,2022-03-13,1,$4.16,$0.32,0.31,Credit Card,Online,2,Fulfilled
ORD-20220313-195,CUST-0894,PROD-044,2022-03-13,3,$9.22,0.0,2.21,Credit Card,Online,1,Fulfilled
ORD-20220313-196,CUST-0480,PROD-044,2022-03-13,3,$9.22,$0.0,2.21,Credit Card,Main Street,1,Fulfilled
ORD-20220313-197,CUST-0140,PROD-016,2022-03-13,4,8.9,0.0,$2.85,Cash,Online,1,Fulfilled
ORD-20220313-198,CUST-1489,PROD-034,2022-03-13,2,3.79,0.0,$0.61,Credit Card,Main Street,3,Fulfilled
ORD-20220313-199,CUST-0490,PROD-033,2022-03-13,2,9.3,0.0,1.49,AfterPay,Main Street,1,Fulfilled
ORD-20220313-200,CUST-1917,PROD-025,2022-03-13,1,6.69,0.0,$0.54,AfterPay,Online,1,Fulfilled
ORD-20220313-201,CUST-0538,PROD-087,2022-03-13,2,6.93,0.0,1.11,AfterPay,Main Street,1,Fulfilled
ORD-20220313-202,CUST-0127,PROD-031,2022-03-13,3,9.69,$0.0,2.33,Cash,Mall Location,1,Fulfilled
ORD-20220313-203,CUST-1159,PROD-052,2022-03-13,1,7.48,$0.0,$0.6,Cash,Main Street,1,Fulfilled
ORD-20220313-204,CUST-0253,PROD-087,2022-03-13,1,$6.93,$0.0,0.55,On Account,Main Street,1,Fulfilled
ORD-20220313-205,CUST-0594,PROD-087,2022-03-13,1,6.93,$0.0,0.55,Credit Card,Online,2,Fulfilled
ORD-20220313-206,CUST-0937,PROD-087,2022-03-13,1,$6.93,$0.0,$0.55,Credit Card,Online,1,Fulfilled
ORD-20220313-207,,PROD-015,2022-03-13,2,$8.7,0.0,$1.39,Credit Card,Main Street,1,Fulfilled
ORD-20220313-208,CUST-0481,PROD-002,2022-03-13,2,4.43,$0.0,0.71,AfterPay,Online,1,Fulfilled
ORD-20220313-209,CUST-1290,PROD-015,2022-03-13,2,8.7,1.1,1.3,Credit Card,Main Street,1,Fulfilled
ORD-20220313-210,CUST-1264,PROD-016,2022-03-13,1,8.9,0.0,0.71,Credit Card,Main Street,2,Fulfilled
ORD-20220313-211,CUST-1350,PROD-087,2022-03-13,1,6.93,0.11,$0.55,Shopify,Main Street,2,Fulfilled
ORD-20220313-212,CUST-0272,PROD-060,2022-03-13,1,5.9,0.28,0.45,Shopify,Main Street,5,Fulfilled
ORD-20220313-213,CUST-1116,PROD-004,2022-03-13,4,$7.04,0.0,$2.25,Credit Card,Wholesale,1,Fulfilled
ORD-20220313-214,CUST-0036,PROD-007,2022-03-13,1,$3.14,$0.0,$0.25,Shopify,Main Street,2,Fulfilled
ORD-20220313-215,CUST-1517,PROD-008,2022-03-13,2,7.32,0.0,$1.17,Credit Card,Main Street,1,Fulfilled
ORD-20220313-216,CUST-0645,PROD-057,2022-03-13,2,5.44,$0.38,$0.84,Credit Card,Online,1,Fulfilled
ORD-20220313-217,CUST-0921,PROD-083,2022-03-13,2,6.83,$0.0,1.09,Credit Card,Online,1,Fulfilled
ORD-20220313-218,CUST-0171,PROD-087,2022-03-13,1,6.93,$0.64,0.5,Credit Card,Main Street,1,Fulfilled
ORD-20220313-219,CUST-1417,PROD-087,2022-03-13,2,$6.93,0.0,1.11,On Account,Online,1,Fulfilled
ORD-20220313-220,CUST-1181,PROD-011,2022-03-13,1,8.77,$0.0,$0.7,Cash,Main Street,1,Fulfilled
ORD-20220313-221,CUST-1956,PROD-018,2022-03-13,5,5.76,$0.0,2.3,Credit Card,Mall Location,1,Fulfilled
ORD-20220313-222,CUST-1805,PROD-013,2022-03-13,1,$8.31,$0.0,0.66,AfterPay,Main Street,1,Fulfilled
ORD-20220313-223,CUST-1458,PROD-022,2022-03-13,3,4.33,0.1,1.03,Cash,Online,1,Fulfilled
ORD-20220313-224,CUST-0921,PROD-087,2022-03-13,2,6.93,$0.0,1.11,Credit Card,Main Street,1,Fulfilled
ORD-20220313-225,CUST-1466,PROD-047,2022-03-13,4,$7.73,0.0,$2.47,Cash,Main Street,1,Fulfilled
ORD-20220313-226,CUST-0677,PROD-084,2022-03-13,1,5.18,$0.0,0.41,AfterPay,Mall Location,3,Fulfilled
ORD-20220313-227,CUST-1872,PROD-035,2022-03-13,1,4.74,0.0,0.38,Credit Card,Mall Location,1,Fulfilled
ORD-20220313-228,CUST-1160,PROD-002,2022-03-13,1,$4.43,0.0,0.35,Credit Card,Online,2,Fulfilled
ORD-20220313-229,CUST-0765,PROD-003,2022-03-13,1,8.27,0.0,0.66,Credit Card,Main Street,4,Fulfilled
ORD-20220313-230,CUST-1804,PROD-041,2022-03-13,1,5.98,0.0,0.48,Credit Card,Main Street,2,Fulfilled
ORD-20220313-231,CUST-0668,PROD-078,2022-03-13,2,3.64,$0.0,$0.58,Shopify,Mall Location,3,Fulfilled
ORD-20220313-232,CUST-0836,PROD-012,2022-03-13,3,4.6,$0.0,$1.1,Credit Card,Mall Location,1,Fulfilled
ORD-20220313-233,CUST-1739,PROD-078,2022-03-13,1,3.64,$0.0,0.29,On Account,Mall Location,1,Fulfilled
ORD-20220313-234,CUST-0286,PROD-087,2022-03-13,3,6.93,0.0,1.66,Cash,Online,1,Fulfilled
ORD-20220313-235,CUST-1625,PROD-027,2022-03-13,2,5.94,0.0,0.95,Credit Card,Main Street,1,Fulfilled
ORD-20220313-236,CUST-0571,PROD-086,2022-03-13,1,9.1,$0.0,0.73,Shopify,Main Street,2,Fulfilled
ORD-20220313-237,CUST-1895,PROD-026,2022-03-13,4,4.88,0.37,$1.53,Cash,Main Street,4,Fulfilled
ORD-20220313-238,CUST-0697,PROD-067,2022-03-13,5,10.16,0.0,$4.06,Credit Card,Online,1,Fulfilled
ORD-20220313-239,CUST-1331,PROD-087,2022-03-13,3,$6.93,0.0,$1.66,Credit Card,Main Street,1,Fulfilled
ORD-20220313-240,CUST-0571,PROD-087,2022-03-13,3,$6.93,0.0,$1.66,On Account,Online,1,Fulfilled
ORD-20220313-241,CUST-1947,PROD-021,2022-03-13,3,$6.02,0.0,1.44,Cash,Mall Location,2,Fulfilled
ORD-20220313-242,CUST-1667,PROD-027,2022-03-13,2,5.94,0.0,0.95,Credit Card,Online,3,Fulfilled
ORD-20220313-243,CUST-1155,PROD-009,2022-03-13,1,4.9,0.0,0.39,Credit Card,Main Street,2,Fulfilled
ORD-20220313-244,CUST-0431,PROD-011,2022-03-13,1,$8.77,$0.0,$0.7,Credit Card,Online,1,Fulfilled
ORD-20220313-245,CUST-1226,PROD-071,2022-03-13,1,6.32,0.0,0.51,Shopify,Main Street,1,Fulfilled
ORD-20220313-246,CUST-1584,PROD-087,2022-03-13,2,$6.93,$0.0,$1.11,Cash,Online,2,Fulfilled
ORD-20220313-247,CUST-1266,PROD-025,2022-03-13,2,6.69,$0.0,$1.07,Credit Card,Main Street,1,Fulfilled
ORD-20220313-248,CUST-0579,PROD-010,2022-03-13,1,$6.36,0.0,$0.51,AfterPay,Wholesale,1,Fulfilled
ORD-20220313-249,CUST-1616,PROD-016,2022-03-13,1,8.9,0.0,0.71,On Account,Main Street,3,Fulfilled
ORD-20220313-250,CUST-1206,PROD-031,2022-03-13,1,9.69,0.0,$0.78,Credit Card,Main Street,1,Fulfilled
ORD-20220313-251,CUST-0659,PROD-017,2022-03-13,1,$7.88,$0.0,0.63,On Account,Main Street,2,Fulfilled
ORD-20220313-252,CUST-1557,PROD-013,2022-03-13,3,$8.31,$0.0,$1.99,Credit Card,Wholesale,3,Fulfilled
ORD-20220313-253,CUST-0852,PROD-083,2022-03-13,4,6.83,0.17,$2.17,Shopify,Main Street,1,Fulfilled
ORD-20220313-254,CUST-0329,PROD-001,2022-03-13,1,$5.66,0.0,0.45,Credit Card,Main Street,1,Fulfilled
ORD-20220313-255,CUST-1688,PROD-042,2022-03-13,4,$7.99,0.0,$2.56,Cash,Main Street,3,Fulfilled
ORD-20220313-256,CUST-1639,PROD-087,2022-03-13,1,$6.93,$0.0,0.55,Credit Card,Online,3,Fulfilled
ORD-20220313-257,CUST-0299,PROD-015,2022-03-13,5,8.7,0.13,3.47,On Account,Main Street,2,Fulfilled
